offline,online,ratio
999.2019902971933,768.8840133594543,1.2995484012359937