offline,online,ratio,opt_var, alg_var
999.2019163697236,757.2563739458644,1.3195028140379252,0.0007537691115301981,89.3816277974233