offline,online,ratio,opt_var, alg_var
999.2018447711764,706.3079306393731,1.4146830318989425,0.0007548618420236228,78.45848268093246