offline,online,ratio
999.2018719556936,742.6884747266306,1.3453849170387095