offline,online,ratio
999.2018773765137,721.4657367380503,1.38496095725098