offline,online,ratio
615.8603944144891,241.46714706421182,2.5504935222128466