offline,online,ratio
888.3945838589843,282.0368342734024,3.149923967015555